species,tissueType,tissuetype_id,clusterName,celltype_id,gene_MSU,gene
Oryza_sativa,seed,PO0009010,endosperm,PO0009089,LOC_Os01g01290,Os01g0102400
Oryza_sativa,embryo,PO0009009,embryo,PO0009009,LOC_Os01g06630,Os01g0159600
Oryza_sativa,seed,PO0009011,endosperm,PO0009089,LOC_Os01g07930,Os01g0174600
Oryza_sativa,seed,PO0009012,endosperm,PO0009089,LOC_Os01g12580,Os01g0225600
Oryza_sativa,seed,PO0009013,endosperm,PO0009089,LOC_Os01g13360,Os01g0234850
Oryza_sativa,seed,PO0009014,endosperm,PO0009089,LOC_Os01g16920,Os01g0276300
Oryza_sativa,seed,PO0009010,endosperm,PO0009089,LOC_Os01g24460,Os01g0346900
Oryza_sativa,seed,PO0009016,endosperm,PO0009089,LOC_Os01g25450,Os01g0356800
Oryza_sativa,seed,PO0009017,endosperm,PO0009089,LOC_Os01g27630,Os01g0374000
Oryza_sativa,seed,PO0009018,endosperm,PO0009089,LOC_Os01g29840,Os01g0393100
Oryza_sativa,seed,PO0009019,endosperm,PO0009089,LOC_Os01g39020,Os01g0571300
Oryza_sativa,seed,PO0009010,endosperm,PO0009089,LOC_Os01g39850,Os01g0580400
Oryza_sativa,seed,PO0009010,endosperm,PO0009089,LOC_Os01g41050,Os01g0593700
Oryza_sativa,seed,PO0009020,endosperm,PO0009089,LOC_Os01g41720,Os01g0601000
Oryza_sativa,seed,PO0009010,endosperm,PO0009089,LOC_Os01g44220,Os01g0633100
Oryza_sativa,seed,PO0009010,endosperm,PO0009089,LOC_Os01g44240,Os01g0633300
Oryza_sativa,seed,PO0009010,endosperm,PO0009089,LOC_Os01g44340,Os01g0634600
Oryza_sativa,embryo,PO0009009,embryo,PO0009009,LOC_Os01g45624,Os01g0643900
Oryza_sativa,embryo,PO0009009,embryo,PO0009009,LOC_Os01g49830,Os01g0693400
Oryza_sativa,seed,PO0009021,endosperm,PO0009089,LOC_Os01g50110,Os01g0695900
Oryza_sativa,seed,PO0009010,endosperm,PO0009089,LOC_Os01g53550,Os01g0737100
Oryza_sativa,seed,PO0009023,endosperm,PO0009089,LOC_Os01g54030,Os01g0743500
Oryza_sativa,seed,PO0009024,endosperm,PO0009089,LOC_Os01g54040,Os01g0743600
Oryza_sativa,embryo,PO0009009,embryo,PO0009009,LOC_Os01g54520,Os01g0749000
Oryza_sativa,seed,PO0009025,endosperm,PO0009089,LOC_Os01g55630,Os01g0761800
Oryza_sativa,seed,PO0009026,endosperm,PO0009089,LOC_Os01g55690,Os01g0762500
Oryza_sativa,embryo,PO0009009,embryo,PO0009009,LOC_Os01g57890,Os01g0788800
Oryza_sativa,seed,PO0009010,embryo,PO0009009,LOC_Os01g58890,Os01g0803200
Oryza_sativa,seed,PO0009028,endosperm,PO0009089,LOC_Os01g59100,Os01g0805400
Oryza_sativa,seed,PO0009029,endosperm,PO0009089,LOC_Os01g59200,Os01g0806400
Oryza_sativa,seed,PO0009010,endosperm,PO0009089,LOC_Os01g65770,Os01g0880100
Oryza_sativa,seed,PO0009030,endosperm,PO0009089,LOC_Os01g67310,Os01g0898500
Oryza_sativa,embryo,PO0009009,embryo,PO0009009,LOC_Os01g67830,Os01g0905400
Oryza_sativa,seed,PO0009032,endosperm,PO0009089,LOC_Os01g72210,Os01g0950900
Oryza_sativa,seed,PO0009010,endosperm,PO0009089,LOC_Os01g74590,Os01g0977300
Oryza_sativa,seed,PO0009034,endosperm,PO0009089,LOC_Os02g06690,Os02g0162200
Oryza_sativa,seed,PO0009035,endosperm,PO0009089,LOC_Os02g07550,Os02g0171500
Oryza_sativa,embryo,PO0009009,embryo,PO0009009,LOC_Os02g09070,Os02g0183000
Oryza_sativa,seed,PO0009036,endosperm,PO0009089,LOC_Os02g09190,Os02g0184600
Oryza_sativa,seed,PO0009037,endosperm,PO0009089,LOC_Os02g09270,Os02g0185500
Oryza_sativa,seed,PO0009038,endosperm,PO0009089,LOC_Os02g09320,Os02g0186200
Oryza_sativa,seed,PO0009010,endosperm,PO0009089,LOC_Os02g10800,Os02g0202400
Oryza_sativa,seed,PO0009010,endosperm,PO0009089,LOC_Os02g12310,Os02g0214500
Oryza_sativa,seed,PO0009041,endosperm,PO0009089,LOC_Os02g14600,Os02g0242600
Oryza_sativa,seed,PO0009042,endosperm,PO0009089,LOC_Os02g15070,Os02g0248800
Oryza_sativa,seed,PO0009010,endosperm,PO0009089,LOC_Os02g15090,Os02g0249000
Oryza_sativa,seed,PO0009010,endosperm,PO0009089,LOC_Os02g15150,Os02g0249600
Oryza_sativa,seed,PO0009010,endosperm,PO0009089,LOC_Os02g15350,Os02g0252400
Oryza_sativa,seed,PO0009010,endosperm,PO0009089,LOC_Os02g16830,Os02g0268300
Oryza_sativa,seed,PO0009045,endosperm,PO0009089,LOC_Os02g19420,Os02g0296400
Oryza_sativa,seed,PO0009010,endosperm,PO0009089,LOC_Os02g25640,Os02g0453600
Oryza_sativa,embryo,PO0009009,embryo,PO0009009,LOC_Os02g25680,Os02g0454300
Oryza_sativa,embryo,PO0009009,embryo,PO0009009,LOC_Os02g26160,Os02g0459600
Oryza_sativa,seed,PO0009047,endosperm,PO0009089,LOC_Os02g28580,Os02g0487300
Oryza_sativa,embryo,PO0009009,embryo,PO0009009,LOC_Os02g29590,Os02g0499300
Oryza_sativa,seed,PO0009048,endosperm,PO0009089,LOC_Os02g32860,Os02g0530600
Oryza_sativa,seed,PO0009049,endosperm,PO0009089,LOC_Os02g36680,Os02g0576400
Oryza_sativa,seed,PO0009010,endosperm,PO0009089,LOC_Os02g37010,Os02g0580600
Oryza_sativa,seed,PO0009010,endosperm,PO0009089,LOC_Os02g37480,Os02g0586900
Oryza_sativa,embryo,PO0009009,embryo,PO0009009,LOC_Os02g37490,Os02g0587000
Oryza_sativa,embryo,PO0009009,embryo,PO0009009,LOC_Os02g40070,Os02g0614300
Oryza_sativa,embryo,PO0009009,embryo,PO0009009,LOC_Os02g43010,Os02g0644000
Oryza_sativa,embryo,PO0009009,embryo,PO0009009,LOC_Os02g47280,Os02g0701300
Oryza_sativa,embryo,PO0009009,embryo,PO0009009,LOC_Os02g49370,Os02g0725700
Oryza_sativa,seed,PO0009010,endosperm,PO0009089,LOC_Os02g49410,Os02g0725900
Oryza_sativa,embryo,PO0009009,embryo,PO0009009,LOC_Os02g52710,Os02g0765600
Oryza_sativa,embryo,PO0009009,embryo,PO0009009,LOC_Os02g53660,Os02g0776600
Oryza_sativa,seed,PO0009010,endosperm,PO0009089,LOC_Os02g54430,Os02g0785600
Oryza_sativa,seed,PO0009052,endosperm,PO0009089,LOC_Os02g54960,Os02g0792500
Oryza_sativa,seed,PO0009010,endosperm,PO0009089,LOC_Os03g03660,Os03g0128700
Oryza_sativa,embryo,PO0009009,embryo,PO0009009,LOC_Os03g06180,Os03g0157700
Oryza_sativa,seed,PO0009053,endosperm,PO0009089,LOC_Os03g06360,Os03g0159600
Oryza_sativa,embryo,PO0009009,embryo,PO0009009,LOC_Os03g07180,Os03g0168100
Oryza_sativa,seed,PO0009010,endosperm,PO0009089,LOC_Os03g07226,Os03g0168500
Oryza_sativa,seed,PO0009055,endosperm,PO0009089,LOC_Os03g16920,Os03g0277300
Oryza_sativa,embryo,PO0009009,embryo,PO0009009,LOC_Os03g21260,Os03g0330200
Oryza_sativa,seed,PO0009010,endosperm,PO0009089,LOC_Os03g25350,Os03g0369100
Oryza_sativa,seed,PO0009056,endosperm,PO0009089,LOC_Os03g26490,Os03g0381500
Oryza_sativa,seed,PO0009010,endosperm,PO0009089,LOC_Os03g28330,Os03g0401300
Oryza_sativa,seed,PO0009010,endosperm,PO0009089,LOC_Os03g31360,Os03g0427300
Oryza_sativa,seed,PO0009010,endosperm,PO0009089,LOC_Os03g40440,Os03g0601500
Oryza_sativa,seed,PO0009060,endosperm,PO0009089,LOC_Os03g45210,Os03g0654700
Oryza_sativa,seed,PO0009062,endosperm,PO0009089,LOC_Os03g48220,Os03g0687700
Oryza_sativa,seed,PO0009010,endosperm,PO0009089,LOC_Os03g49350,Os03g0700400
Oryza_sativa,embryo,PO0009009,embryo,PO0009009,LOC_Os03g51330,Os03g0723000
Oryza_sativa,seed,PO0009063,endosperm,PO0009089,LOC_Os03g51350,Os03g0723400
Oryza_sativa,embryo,PO0009009,embryo,PO0009009,LOC_Os03g52080,Os03g0730700
Oryza_sativa,seed,PO0009064,endosperm,PO0009089,LOC_Os03g53100,Os03g0742300
Oryza_sativa,embryo,PO0009009,embryo,PO0009009,LOC_Os03g53610,Os03g0747400
Oryza_sativa,seed,PO0009066,endosperm,PO0009089,LOC_Os03g55734,Os03g0766200
Oryza_sativa,embryo,PO0009009,embryo,PO0009009,LOC_Os03g58180,Os03g0796301
Oryza_sativa,seed,PO0009010,endosperm,PO0009089,LOC_Os03g58500,Os03g0799300
Oryza_sativa,seed,PO0009010,endosperm,PO0009089,LOC_Os03g59010,Os03g0804700
Oryza_sativa,embryo,PO0009009,embryo,PO0009009,LOC_Os03g59290,Os03g0807600
Oryza_sativa,seed,PO0009068,endosperm,PO0009089,LOC_Os03g61160,Os03g0826900
Oryza_sativa,embryo,PO0009009,embryo,PO0009009,LOC_Os04g09390,Os04g0173800
Oryza_sativa,seed,PO0009070,endosperm,PO0009089,LOC_Os04g12639,Os04g0203400
Oryza_sativa,seed,PO0009071,endosperm,PO0009089,LOC_Os04g28120,Os04g0348600
Oryza_sativa,seed,PO0009072,endosperm,PO0009089,LOC_Os04g32070,Os04g0390700
Oryza_sativa,embryo,PO0009009,embryo,PO0009009,LOC_Os04g32080,Os04g0390800
Oryza_sativa,seed,PO0009073,endosperm,PO0009089,LOC_Os04g32430,Os04g0395300
Oryza_sativa,seed,PO0009074,endosperm,PO0009089,LOC_Os04g33150,Os04g0404400
Oryza_sativa,seed,PO0009075,endosperm,PO0009089,LOC_Os04g35010,Os04g0429400
Oryza_sativa,embryo,PO0009009,embryo,PO0009009,LOC_Os04g40640,Os04g0482600
Oryza_sativa,seed,PO0009010,endosperm,PO0009089,LOC_Os04g43160,Os04g0510600
Oryza_sativa,seed,PO0009079,endosperm,PO0009089,LOC_Os04g44470,Os04g0526600
Oryza_sativa,seed,PO0009080,endosperm,PO0009089,LOC_Os04g44570,Os04g0527900
Oryza_sativa,seed,PO0009081,endosperm,PO0009089,LOC_Os04g44580,Os04g0528000
Oryza_sativa,seed,PO0009082,endosperm,PO0009089,LOC_Os04g46200,Os04g0546500
Oryza_sativa,seed,PO0009083,endosperm,PO0009089,LOC_Os04g49500,Os04g0584500
Oryza_sativa,embryo,PO0009009,embryo,PO0009009,LOC_Os04g52750,Os04g0618400
Oryza_sativa,embryo,PO0009009,embryo,PO0009009,LOC_Os04g56309,Os04g0658200
Oryza_sativa,embryo,PO0009009,embryo,PO0009009,LOC_Os05g04870,Os05g0140800
Oryza_sativa,seed,PO0009084,endosperm,PO0009089,LOC_Os05g12670,Os05g0218100
Oryza_sativa,seed,PO0009010,endosperm,PO0009089,LOC_Os05g14034,Os05g0228900
Oryza_sativa,seed,PO0009085,endosperm,PO0009089,LOC_Os05g18604,Os05g0268500
Oryza_sativa,seed,PO0009010,endosperm,PO0009089,LOC_Os05g23910,Os05g0304800
Oryza_sativa,seed,PO0009010,endosperm,PO0009089,LOC_Os05g26210,Os05g0328300
Oryza_sativa,seed,PO0009010,endosperm,PO0009089,LOC_Os05g26250,Os05g0328466
Oryza_sativa,seed,PO0009086,endosperm,PO0009089,LOC_Os05g26690,Os05g0331366
Oryza_sativa,seed,PO0009010,endosperm,PO0009089,LOC_Os05g26750,Os05g0331800
Oryza_sativa,embryo,PO0009009,embryo,PO0009009,LOC_Os05g28350,Os05g0351200
Oryza_sativa,embryo,PO0009009,embryo,PO0009009,LOC_Os05g31670,Os05g0381400
Oryza_sativa,seed,PO0009010,endosperm,PO0009089,LOC_Os05g41970,Os05g0499100
Oryza_sativa,seed,PO0009010,embryo,PO0009009,LOC_Os05g46760,Os05g0545400
Oryza_sativa,seed,PO0009088,endosperm,PO0009089,LOC_Os05g47820,Os05g0551500
Oryza_sativa,seed,PO0009089,endosperm,PO0009089,LOC_Os05g48416,Os05g0557900
Oryza_sativa,seed,PO0009090,endosperm,PO0009089,LOC_Os05g48610,Os05g0559800
Oryza_sativa,embryo,PO0009009,embryo,PO0009009,LOC_Os05g49440,Os05g0569500
Oryza_sativa,seed,PO0009091,endosperm,PO0009089,LOC_Os05g51400,Os05g0591800
Oryza_sativa,seed,PO0009010,endosperm,PO0009089,LOC_Os06g04200,Os06g0133000
Oryza_sativa,seed,PO0009010,endosperm,PO0009089,LOC_Os06g04790,Os06g0139800
Oryza_sativa,seed,PO0009010,endosperm,PO0009089,LOC_Os06g06260,Os06g0156700
Oryza_sativa,embryo,PO0009009,embryo,PO0009009,LOC_Os06g15430,Os06g0265100
Oryza_sativa,seed,PO0009010,endosperm,PO0009089,LOC_Os06g17480,Os06g0285200
Oryza_sativa,seed,PO0009094,endosperm,PO0009089,LOC_Os06g21910,Os06g0324400
Oryza_sativa,seed,PO0009095,endosperm,PO0009089,LOC_Os06g23350,Os06g0341300
Oryza_sativa,embryo,PO0009009,embryo,PO0009009,LOC_Os06g26180,Os06g0366632
Oryza_sativa,seed,PO0009096,endosperm,PO0009089,LOC_Os06g30280,Os06g0498150
Oryza_sativa,seed,PO0009010,endosperm,PO0009089,LOC_Os06g30370,Os06g0498800
Oryza_sativa,seed,PO0009097,endosperm,PO0009089,LOC_Os06g31060,Os06g0507100
Oryza_sativa,seed,PO0009098,endosperm,PO0009089,LOC_Os06g31070,Os06g0507200
Oryza_sativa,seed,PO0009099,endosperm,PO0009089,LOC_Os06g33490,Os06g0526466
Oryza_sativa,seed,PO0009010,endosperm,PO0009089,LOC_Os06g33640,Os06g0527800
Oryza_sativa,seed,PO0009010,endosperm,PO0009089,LOC_Os06g33690,Os06g0528300
Oryza_sativa,seed,PO0009010,endosperm,PO0009089,LOC_Os06g36670,Os06g0562200
Oryza_sativa,embryo,PO0009009,embryo,PO0009009,LOC_Os06g40870,Os06g0611300
Oryza_sativa,embryo,PO0009009,embryo,PO0009009,LOC_Os06g42754,Os06g0634000
Oryza_sativa,embryo,PO0009009,embryo,PO0009009,LOC_Os06g44750,Os06g0657500
Oryza_sativa,embryo,PO0009009,embryo,PO0009009,LOC_Os06g44770,Os06g0658000
Oryza_sativa,embryo,PO0009009,embryo,PO0009009,LOC_Os06g45540,Os06g0666100
Oryza_sativa,seed,PO0009101,endosperm,PO0009089,LOC_Os07g02920,Os07g0120500
Oryza_sativa,seed,PO0009010,endosperm,PO0009089,LOC_Os07g08420,Os07g0182000
Oryza_sativa,seed,PO0009010,endosperm,PO0009089,LOC_Os07g10570,Os07g0206400
Oryza_sativa,seed,PO0009010,endosperm,PO0009089,LOC_Os07g10580,Os07g0206500
Oryza_sativa,seed,PO0009010,endosperm,PO0009089,LOC_Os07g11310,Os07g0213600
Oryza_sativa,seed,PO0009010,endosperm,PO0009089,LOC_Os07g11330,Os07g0213800
Oryza_sativa,seed,PO0009107,endosperm,PO0009089,LOC_Os07g11360,Os07g0214100
Oryza_sativa,seed,PO0009010,endosperm,PO0009089,LOC_Os07g11380,Os07g0214300
Oryza_sativa,seed,PO0009010,endosperm,PO0009089,LOC_Os07g11410,Os07g0214600
Oryza_sativa,seed,PO0009110,endosperm,PO0009089,LOC_Os07g11510,Os07g0215500
Oryza_sativa,seed,PO0009010,endosperm,PO0009089,LOC_Os07g11630,Os07g0216600
Oryza_sativa,seed,PO0009010,endosperm,PO0009089,LOC_Os07g11920,Os07g0219400
Oryza_sativa,seed,PO0009010,endosperm,PO0009089,LOC_Os07g12080,Os07g0222000
Oryza_sativa,seed,PO0009112,endosperm,PO0009089,LOC_Os07g13634,Os07g0240600
Oryza_sativa,seed,PO0009113,endosperm,PO0009089,LOC_Os07g13830,Os07g0242000
Oryza_sativa,embryo,PO0009009,embryo,PO0009009,LOC_Os07g15540,Os07g0259100
Oryza_sativa,seed,PO0009114,endosperm,PO0009089,LOC_Os07g20340,Os07g0298900
Oryza_sativa,seed,PO0009115,endosperm,PO0009089,LOC_Os07g23960,Os07g0421600
Oryza_sativa,seed,PO0009116,endosperm,PO0009089,LOC_Os07g29760,Os07g0480900
Oryza_sativa,seed,PO0009010,endosperm,PO0009089,LOC_Os07g34520,Os07g0529000
Oryza_sativa,seed,PO0009010,endosperm,PO0009089,LOC_Os07g38140,Os07g0568800
Oryza_sativa,embryo,PO0009009,embryo,PO0009009,LOC_Os07g41240,Os07g0603700
Oryza_sativa,seed,PO0009118,endosperm,PO0009089,LOC_Os07g41290,Os07g0604100
Oryza_sativa,seed,PO0009119,endosperm,PO0009089,LOC_Os07g41650,Os07g0607400
Oryza_sativa,seed,PO0009120,endosperm,PO0009089,LOC_Os07g42390,Os07g0615500
Oryza_sativa,seed,PO0009010,endosperm,PO0009089,LOC_Os07g42490,Os07g0616800
Oryza_sativa,seed,PO0009122,endosperm,PO0009089,LOC_Os07g44020,Os07g0634000
Oryza_sativa,seed,PO0009010,embryo,PO0009009,LOC_Os07g44060,Os07g0634400
Oryza_sativa,embryo,PO0009009,embryo,PO0009009,LOC_Os07g44550,Os07g0639000
Oryza_sativa,seed,PO0009123,endosperm,PO0009089,LOC_Os07g46360,Os07g0657100
Oryza_sativa,seed,PO0009010,endosperm,PO0009089,LOC_Os07g47120,Os07g0667100
Oryza_sativa,embryo,PO0009009,embryo,PO0009009,LOC_Os07g48560,Os07g0684900
Oryza_sativa,seed,PO0009010,endosperm,PO0009089,LOC_Os07g49350,Os07g0694200
Oryza_sativa,embryo,PO0009009,embryo,PO0009009,LOC_Os08g03690,Os08g0131200
Oryza_sativa,seed,PO0009010,endosperm,PO0009089,LOC_Os08g04290,Os08g0137250
Oryza_sativa,seed,PO0009010,endosperm,PO0009089,LOC_Os08g04740,Os08g0142900
Oryza_sativa,seed,PO0009127,endosperm,PO0009089,LOC_Os08g08960,Os08g0189100
Oryza_sativa,seed,PO0009128,endosperm,PO0009089,LOC_Os08g09700,Os08g0196900
Oryza_sativa,embryo,PO0009009,embryo,PO0009009,LOC_Os08g28660,Os08g0373900
Oryza_sativa,seed,PO0009010,endosperm,PO0009089,LOC_Os08g28940,Os08g0377100
Oryza_sativa,seed,PO0009132,endosperm,PO0009089,LOC_Os08g36440,Os08g0467500
Oryza_sativa,seed,PO0009010,endosperm,PO0009089,LOC_Os08g36680,Os08g0470700
Oryza_sativa,embryo,PO0009009,embryo,PO0009009,LOC_Os08g36900,Os08g0473600
Oryza_sativa,embryo,PO0009009,embryo,PO0009009,LOC_Os08g37890,Os08g0485500
Oryza_sativa,seed,PO0009133,endosperm,PO0009089,LOC_Os08g41030,Os08g0521600
Oryza_sativa,embryo,PO0009009,embryo,PO0009009,LOC_Os08g42600,Os08g0538700
Oryza_sativa,embryo,PO0009009,embryo,PO0009009,LOC_Os08g42750,Os08g0540400
Oryza_sativa,embryo,PO0009009,embryo,PO0009009,LOC_Os09g04100,Os09g0127700
Oryza_sativa,seed,PO0009010,endosperm,PO0009089,LOC_Os09g15230,Os09g0321000
Oryza_sativa,embryo,PO0009009,embryo,PO0009009,LOC_Os09g15520,Os09g0324000
Oryza_sativa,embryo,PO0009009,embryo,PO0009009,LOC_Os09g15660,Os09g0325500
Oryza_sativa,seed,PO0009010,endosperm,PO0009089,LOC_Os09g16260,Os09g0331900
Oryza_sativa,seed,PO0009136,endosperm,PO0009089,LOC_Os09g20340,Os09g0368900
Oryza_sativa,embryo,PO0009009,embryo,PO0009009,LOC_Os09g20440,Os09g0370300
Oryza_sativa,seed,PO0009010,endosperm,PO0009089,LOC_Os09g28400,Os09g0457400
Oryza_sativa,seed,PO0009010,endosperm,PO0009089,LOC_Os09g30240,Os09g0479800
Oryza_sativa,seed,PO0009010,endosperm,PO0009089,LOC_Os09g32920,Os09g0506750
Oryza_sativa,seed,PO0009010,endosperm,PO0009089,LOC_Os09g34880,Os09g0520400
Oryza_sativa,embryo,PO0009009,embryo,PO0009009,LOC_Os09g39730,Os09g0570850
Oryza_sativa,seed,PO0009141,endosperm,PO0009089,LOC_Os09g39920,Os09g0572500
Oryza_sativa,seed,PO0009010,endosperm,PO0009089,LOC_Os10g01660,Os10g0105900
Oryza_sativa,seed,PO0009142,endosperm,PO0009089,LOC_Os10g04900,Os10g0138600
Oryza_sativa,seed,PO0009010,endosperm,PO0009089,LOC_Os10g04980,Os10g0139300
Oryza_sativa,seed,PO0009010,endosperm,PO0009089,LOC_Os10g11580,Os10g0191900
Oryza_sativa,seed,PO0009144,endosperm,PO0009089,LOC_Os10g12400,Os10g0198900
Oryza_sativa,embryo,PO0009009,embryo,PO0009009,LOC_Os10g14020,Os10g0207500
Oryza_sativa,seed,PO0009145,endosperm,PO0009089,LOC_Os10g19960,Os10g0340600
Oryza_sativa,seed,PO0009010,endosperm,PO0009089,LOC_Os10g25130,Os10g0390500
Oryza_sativa,seed,PO0009146,endosperm,PO0009089,LOC_Os10g25850,Os10g0397900
Oryza_sativa,seed,PO0009010,endosperm,PO0009089,LOC_Os10g26060,Os10g0400200
Oryza_sativa,embryo,PO0009009,embryo,PO0009009,LOC_Os10g31500,Os10g0452500
Oryza_sativa,seed,PO0009010,endosperm,PO0009089,LOC_Os10g32720,Os10g0464300
Oryza_sativa,seed,PO0009010,endosperm,PO0009089,LOC_Os10g35800,Os10g0501900
Oryza_sativa,embryo,PO0009009,embryo,PO0009009,LOC_Os10g39610,Os10g0542100
Oryza_sativa,seed,PO0009150,endosperm,PO0009089,LOC_Os10g41160,Os10g0561000
Oryza_sativa,embryo,PO0009009,embryo,PO0009009,LOC_Os11g03700,Os11g0131600
Oryza_sativa,seed,PO0009010,endosperm,PO0009089,LOC_Os11g04000,Os11g0134600
Oryza_sativa,embryo,PO0009009,embryo,PO0009009,LOC_Os11g10590,Os11g0211800
Oryza_sativa,seed,PO0009151,endosperm,PO0009089,LOC_Os11g11430,Os11g0221300
Oryza_sativa,seed,PO0009010,endosperm,PO0009089,LOC_Os11g14880,Os11g0255200
Oryza_sativa,seed,PO0009152,endosperm,PO0009089,LOC_Os11g18140,Os11g0284600
Oryza_sativa,embryo,PO0009009,embryo,PO0009009,LOC_Os11g19060,Os11g0295900
Oryza_sativa,seed,PO0009153,endosperm,PO0009089,LOC_Os11g26570,Os11g0451700
Oryza_sativa,embryo,PO0009009,embryo,PO0009009,LOC_Os11g26750,Os11g0453900
Oryza_sativa,seed,PO0009154,endosperm,PO0009089,LOC_Os11g31330,Os11g0512000
Oryza_sativa,seed,PO0009155,endosperm,PO0009089,LOC_Os11g31340,Os11g0512100
Oryza_sativa,embryo,PO0009009,embryo,PO0009009,LOC_Os11g34780,Os11g0549660
Oryza_sativa,seed,PO0009157,endosperm,PO0009089,LOC_Os11g38850,Os11g0601500
Oryza_sativa,seed,PO0009010,endosperm,PO0009089,LOC_Os11g40030,Os11g0614800
Oryza_sativa,seed,PO0009010,endosperm,PO0009089,LOC_Os11g40530,Os11g0620300
Oryza_sativa,seed,PO0009010,endosperm,PO0009089,LOC_Os11g47500,Os11g0700900
Oryza_sativa,seed,PO0009010,endosperm,PO0009089,LOC_Os11g47520,Os11g0701100
Oryza_sativa,seed,PO0009010,endosperm,PO0009089,LOC_Os12g05470,Os12g0150500
Oryza_sativa,seed,PO0009010,endosperm,PO0009089,LOC_Os12g05540,Os12g0151000
Oryza_sativa,seed,PO0009158,endosperm,PO0009089,LOC_Os12g08700,Os12g0187800
Oryza_sativa,seed,PO0009010,endosperm,PO0009089,LOC_Os12g08780,Os12g0189500
Oryza_sativa,seed,PO0009159,endosperm,PO0009089,LOC_Os12g24084,Os12g0428700
Oryza_sativa,embryo,PO0009009,embryo,PO0009009,LOC_Os12g32200,Os12g0506700
Oryza_sativa,embryo,PO0009009,embryo,PO0009009,LOC_Os12g36860,Os12g0555300
Oryza_sativa,embryo,PO0009009,embryo,PO0009009,LOC_Os12g38340,Os12g0571500
Oryza_sativa,embryo,PO0009009,embryo,PO0009009,LOC_Os12g40730,Os12g0599400
Oryza_sativa,embryo,PO0009009,embryo,PO0009009,LOC_Os12g42020,Os12g0614600
Oryza_sativa,seed,PO0009010,endosperm,PO0009089,LOC_Os12g42670,Os12g0621600
Oryza_sativa,embryo,PO0009009,embryo,PO0009009,LOC_Os12g44270,Os12g0640000
Oryza_sativa,embryo,PO0009009,embryo,PO0009009,Os01g0644200,Os01g0644200
Oryza_sativa,seed,PO0009010,endosperm,PO0009089,Os01g0679400,Os01g0679400
Oryza_sativa,embryo,PO0009009,embryo,PO0009009,Os02g0463700,Os02g0463700
Oryza_sativa,embryo,PO0009009,embryo,PO0009009,Os02g0546800,Os02g0546800
Oryza_sativa,seed,PO0009010,endosperm,PO0009089,Os03g0357400,Os03g0357400
Oryza_sativa,seed,PO0009010,endosperm,PO0009089,Os03g0766100,Os03g0766100
Oryza_sativa,seed,PO0009010,endosperm,PO0009089,Os04g0505300,Os04g0505300
Oryza_sativa,embryo,PO0009009,embryo,PO0009009,Os06g0473800,Os06g0473800
Oryza_sativa,seed,PO0009010,endosperm,PO0009089,Os09g0483800,Os09g0483800
Oryza_sativa,seed,PO0009010,endosperm,PO0009089,Os11g0535100,Os11g0535100
Oryza_sativa,embryo,PO0009009,embryo,PO0009009,Os12g0530300,Os12g0530300